Code,P_m (bar),acquisition time (s),assemblage,state,heater voltage (V),T (C),T (K),T error,NaCl_111,NaCl_111_error,NaCl_200,NaCl_200_error,NaCl_220,NaCl_220_error,NaCl_222,NaCl_222_error,NaCl_420,NaCl_420_error,NaCl_422,NaCl_422_error,NaCl_Vm (1e-6 m^3 pfu),NaCl_Vm_error (1e-6 m^3 pfu),P_300 (GPa),P_300_error (GPa),P_tot (GPa),P_tot_error (GPa)
398843,0,1200,Hg,liquid,0,21,294.15,1,,,,,,,,,,,,,,,,,,
398848,0,60,Hg + NaCl,liquid,0,21,294.15,1,2.81768,0.00123508,3.24993,0.00115455,4.60071,0.000430236,5.63486,0.000940094,7.27758,0.000611496,7.96871,0.00109107,26.11386452084701,0.010709178,0.9096186922187521,0.047276005356126236,,
398855,1,60,Hg,liquid,0,21,294.15,1,,,,,,,,,,,,,,,,,,
398856,2,60,Hg,liquid,0,21,294.15,1,,,,,,,,,,,,,,,,,,
398857,3,60,Hg,liquid,0,21,294.15,1,,,,,,,,,,,,,,,,,,
398858,3.5,60,Hg,liquid,0,21,294.15,1,,,,,,,,,,,,,,,,,,
398859,3.5,60,Hg + NaCl,liquid,0,21,294.15,1,2.81801,0.00317542,3.25215,0.0014211,4.60288,0.000574628,5.63892,0.00172271,7.28061,0.00130272,7.97345,0.00196637,26.067395274961974,0.019254674,0.9522240448253062,0.096391372,,
398860,3.5,1200,Hg,liquid,0,21,294.15,1,,,,,,,,,,,,,,,,,,
398861,3.5,60,Hg + NaCl,liquid,0,21,294.15,1,2.82047,0.00276987,3.25459,0.00149137,4.60371,0.000568418,5.63921,0.00178892,7.27974,0.00126712,7.97435,0.00182752,26.05858447283615,0.017886982,0.9786636806914277,0.088681224,,
398862,4,60,Hg + NaCl,liquid,0,21,294.15,1,2.82074,0.00294608,3.25199,0.00133691,4.60343,0.000572929,5.64078,0.00161969,7.2813,0.00122563,7.97537,0.00195649,26.048603702448705,0.019139495,0.9766779926826216,0.091011506,,
398863,4,1200,Hg,liquid,0,21,294.15,1,,,,,,,,,,,,,,,,,,
398864,4,60,Hg + NaCl,liquid,0,21,294.15,1,2.81821,0.00400854,3.25049,0.00248964,4.60572,0.000921834,5.6374,0.0023407,7.28099,0.00145858,7.9762,0.00204932,26.04048586068742,0.020039271,0.9566897119033371,0.1272190144041562,,
398865,4.5,60,Hg + NaCl,liquid,0,21,294.15,1,2.81548,0.00294914,3.2543,0.00260926,4.60598,0.00103526,5.63903,0.00218514,7.28278,0.0014175,7.97768,0.00233482,26.026019051079004,0.022814101,0.9706531591665735,0.10669650682665999,,
398866,5,60,Hg + NaCl,liquid,0,21,294.15,1,2.82179,0.00523833,3.25229,0.00240684,4.60541,0.00099281,5.63855,0.00206908,7.28506,0.00176007,7.97969,0.00194558,26.006388734858344,0.018991601,0.9990467472593587,0.15642370773850767,,
398873,5.5,1200,Hg,liquid,0,21,294.15,1,,,,,,,,,,,,,,,,,,
398867,5.5,60,Hg + NaCl,liquid,0,21,294.15,1,2.81922,0.00523074,3.25177,0.00211915,4.60748,0.00101415,5.64074,0.00228974,7.28379,0.00163273,7.98088,0.00235662,25.994776120707563,0.022990219,0.9953011360071807,0.15350627678375978,,
398872,5.5,60,Hg + NaCl,liquid,0,21,294.15,1,2.81608,0.0027688,3.25826,0.00216624,4.60669,0.000833925,5.64201,0.00210791,7.28561,0.00138869,7.98201,0.00195898,25.983755423144903,0.019100191,1.0144076438417597,0.097035605,,
398874,6,60,Hg,liquid,0,21,294.15,1,,,,,,,,,,,,,,,,,,
398875,6,60,Hg + NaCl,liquid,0,21,294.15,1,2.8218,0.00343852,3.25925,0.00164868,4.6083,0.000929311,5.64616,0.00230781,7.28785,0.00143122,7.98516,0.00169569,25.95306691911699,0.016507033,1.0738464292734076,0.10860889114193621,,
398882,6,1200,Hg,liquid,0,21,294.15,1,,,,,,,,,,,,,,,,,,
398883,6.5,60,Hg + NaCl,liquid,0,21,294.15,1,2.8264,0.00320338,3.25839,0.00167085,4.60917,0.000660762,5.64573,0.00147701,7.29071,0.00105446,7.98332,0.00157362,25.970987021637807,0.01533284,1.0979991394142061,0.10108506504395093,,
398884,7,60,Hg + NaCl,liquid,0,21,294.15,1,2.81986,0.0022034,3.26045,0.00219883,4.6107,0.000625608,5.64596,0.00147473,7.29111,0.00112789,7.98328,0.00146234,25.97137677250481,0.01424885,1.0794456441452382,0.084085391,,
398885,7.5,60,Hg + NaCl,liquid,0,21,294.15,1,2.82424,0.00244329,3.25762,0.00188476,4.61173,0.000717169,5.64709,0.00144771,7.29177,0.00135067,7.98642,0.00174681,25.940805065478724,0.016993947,1.1026170207998138,0.086335707,,
398890,7.5,1200,Hg,liquid,0,21,294.15,1,,,,,,,,,,,,,,,,,,
398891,8,60,Hg + NaCl,liquid,0,21,294.15,1,2.82289,0.00213589,3.26109,0.00212933,4.61331,0.000719331,5.64741,0.00158637,7.29395,0.00125152,7.98965,0.00159534,25.90940720481202,0.015495289,1.12729714,0.083570649,,
398892,8.5,60,Hg + NaCl,liquid,0,21,294.15,1,2.82573,0.00318394,3.26112,0.00184797,4.61437,0.000749411,5.64834,0.00166003,7.29346,0.00118142,7.99028,0.00161124,25.90328907727057,0.01564479,1.1482439293351887,0.10321045640607814,,
398893,9,60,Hg + NaCl,liquid,0,21,294.15,1,2.82233,0.00201097,3.25521,0.00201728,4.61482,0.000690377,5.64916,0.00138921,7.29663,0.00114086,7.99019,0.00151386,25.90416297740337,0.014699914,1.113922415598098,0.077906224,,
398894,9.5,60,Hg + NaCl,liquid,0,21,294.15,1,2.82478,0.0021251,3.26203,0.00181959,4.61688,0.000704823,5.65395,0.0013024,7.29869,0.00121051,7.99257,0.00148516,25.881066408630335,0.014404068,1.184884255031463,0.078594503,,
398901,10,60,Hg + NaCl,liquid,0,21,294.15,1,2.82518,0.00198024,3.2624,0.00186993,4.61938,0.000710018,5.65613,0.00129391,7.30199,0.000975778,7.9987,0.00148691,25.82170464087147,0.014376901,1.2205575020433104,0.076242064,,
398895,10,60,Hg + NaCl,liquid,0,21,294.15,1,2.82229,0.00274762,3.26605,0.00171078,4.61717,0.000696603,5.65311,0.00150923,7.30095,0.00107919,7.99536,0.00179925,25.85402600868573,0.017425987,1.198769086286112,0.091072563,,
398902,10.5,60,Hg + NaCl,liquid,0,21,294.15,1,2.82485,0.00225668,3.26405,0.00159393,4.62025,0.000685994,5.6568,0.00136804,7.30511,0.00103851,7.99784,0.00166493,25.83002175046648,0.016105095,1.2357428913667343,0.079078276,,
398903,11,60,Hg + NaCl,liquid,0,21,294.15,1,2.81639,0.00253514,3.26463,0.00163281,4.62143,0.000677924,5.65886,0.00139206,7.30582,0.000974876,8.00008,0.00186553,25.80836605085775,0.018025333,1.2099222966561358,0.083761911,,
398904,11.5,60,Hg + NaCl,liquid,0,21,294.15,1,2.82871,0.00209288,3.26463,0.00176627,4.62296,0.000689007,5.6584,0.00135956,7.30715,0.00113402,8.00081,0.00201586,25.80131384972887,0.019470763,1.2816325815115088,0.079580437,,
398905,12,60,Hg + NaCl,liquid,0,21,294.15,1,2.8279,0.00207468,3.26431,0.00169343,4.62263,0.000685083,5.65857,0.00144332,7.30706,0.00113256,8.00834,0.001624,25.72871981259498,0.015626982,1.289156473477548,0.077587175,,
398906,12.5,60,Hg + NaCl,liquid,0,21,294.15,1,2.83493,0.00262897,3.26916,0.00232591,4.62225,0.000650716,5.66114,0.00126674,7.30912,0.00101173,8.00665,0.00155799,25.744988744392657,0.015004455,1.3562003269563743,0.098794136,,
398943,13,60,Hg,solid,22,35.2,308.35,1,,,,,,,,,,,,,,,,,,
398944,13,60,Hg,solid,28,36.7,309.85,1,,,,,,,,,,,,,,,,,,
398945,13,60,Hg + NaCl,solid,28,36.8,309.95,1,2.83026,0.00241662,3.27173,0.00152877,4.62239,0.000491632,5.66556,0.0015895,7.3166,0.00124009,8.01447,0.00264191,25.66982387985748,0.025344191,1.3856173430657177,0.087011485,,
398946,13,60,Hg,solid,28,37.7,310.85,1,,,,,,,,,,,,,,,,,,
398948,13,60,Hg,solid,30,39.9,313.05,1,,,,,,,,,,,,,,,,,,
398949,13,60,Hg,solid,30,40.2,313.35,1,,,,,,,,,,,,,,,,,,
398950,13,60,Hg,solid,32,41.1,314.25,1,,,,,,,,,,,,,,,,,,
398951,13,60,Hg,solid,33,42.5,315.65,1,,,,,,,,,,,,,,,,,,
398952,13,60,Hg,solid,33,43,316.15,1,,,,,,,,,,,,,,,,,,
398953,13,60,Hg + NaCl,solid,33,43,316.15,1,2.83115,0.00132002,3.27076,0.0010655,4.62877,0.00051557,5.6678,0.000841133,7.31807,0.000663524,8.01755,0.00119925,25.64029972052064,0.011486902,1.4220259035928677,0.051626171,,
398955,13,60,Hg,solid,33.75,44.1,317.25,1,,,,,,,,,,,,,,,,,,
398942,13,60,Hg,solid,22,34.5,307.65,1,,,,,,,,,,,,,,,,,,
398956,13,60,Hg,solid,34.5,44.9,318.05,1,,,,,,,,,,,,,,,,,,
398957,13,60,Hg,liquid,34.5,45.9,319.05,1,,,,,,,,,,,,,,,,,,
398958,13,60,Hg + NaCl,liquid,34.5,45.9,319.05,1,2.83189,0.0027029,3.27159,0.00139445,4.63069,0.00106885,5.66953,0.00189272,7.32157,0.000652012,8.01889,0.00249452,25.62746894512252,0.023877562,1.4510174112847192,0.094156034,,
398963,13,1200,Hg,liquid,34.5,46.35,319.5,1.5,,,,,,,,,,,,,,,,,,
398964,13,60,Hg + NaCl,liquid,34.5,46.4,319.55,1,2.83264,0.0111838,3.27229,0.00671507,4.62992,0.00447602,5.6688,0.00718315,7.32103,0.00339396,8.0201,0.00958676,25.615890309859687,0.09170919,1.4549946085663334,0.3917020514527229,,
398965,13,60,Hg + NaCl,liquid,39.5,51.1,324.25,1,2.83632,0.00247795,3.27196,0.00146495,4.62952,0.0011365,5.6686,0.00188667,7.32083,0.000923009,8.01934,0.00253012,25.62316202523393,0.024212893,1.4698180015530324,0.091539244,,
398966,13,1200,Hg,liquid,39.5,51.9,325.05,1.7,,,,,,,,,,,,,,,,,,
398967,13,60,Hg + NaCl,liquid,39.5,52.8,325.95,1,2.83567,0.00940133,3.27503,0.00918767,4.629,0.00376585,5.67087,0.0060605,7.32175,0.00217499,8.01924,0.00805853,25.624119035032606,0.077122845,1.4870186568697334,0.3779757223776875,,
398954,13,60,Hg,solid,33.5,43.6,316.75,1,,,,,,,,,,,,,,,,,,
398941,13,60,Hg,solid,22,33.7,306.85,1,,,,,,,,,,,,,,,,,,
398947,13,60,Hg,solid,30,38.6,311.75,1,,,,,,,,,,,,,,,,,,
398939,13,60,Hg,solid,22,32.3,305.45,1,,,,,,,,,,,,,,,,,,
398940,13,60,Hg,solid,22,33,306.15,1,,,,,,,,,,,,,,,,,,
398907,13,60,Hg + NaCl,solid,0,21,294.15,1,2.82782,0.00190088,3.26897,0.00559481,4.62432,0.000601321,5.66158,0.00144735,7.3094,0.000695501,8.00915,0.00151037,25.72092714248451,0.014527698,1.3302213917359926,0.14851122477496242,,
398912,13,1200,Hg,solid,0,21,294.15,1,,,,,,,,,,,,,,,,,,
398921,13,60,Hg,solid,10,22.5,295.65,1,,,,,,,,,,,,,,,,,,
398922,13,60,Hg,solid,10,22.5,295.65,1,,,,,,,,,,,,,,,,,,
398923,13,60,Hg,solid,10,25,298.15,1,,,,,,,,,,,,,,,,,,
398924,13,60,Hg,solid,10,26,299.15,1,,,,,,,,,,,,,,,,,,
398926,13,60,Hg,solid,20,27.5,300.65,1,,,,,,,,,,,,,,,,,,
398927,13,60,Hg + NaCl,solid,20,27.5,300.65,1,2.8276,0.00158039,3.26993,0.00125764,4.62353,0.000548187,5.66451,0.000987233,7.312,0.000594056,8.01373,0.00144441,25.67692410789932,0.013861532,1.3528786785301228,0.059622228,,
398928,13,60,Hg,solid,20,28.7,301.85,1,,,,,,,,,,,,,,,,,,
398913,13,60,Hg + NaCl,solid,0,21,294.15,1,2.83224,0.00195655,3.26744,0.00256392,4.62494,0.000607706,5.66237,0.00129144,7.31176,0.000726721,8.01204,0.00145773,25.69314932729606,0.014001162,1.3613447495058524,0.087945031,,
398930,13,60,Hg,solid,20,29.4,302.55,1,,,,,,,,,,,,,,,,,,
398931,13,60,Hg,solid,20,29.6,302.75,1,,,,,,,,,,,,,,,,,,
398932,13,60,Hg,solid,20,29.8,302.95,1,,,,,,,,,,,,,,,,,,
398933,13,60,Hg,solid,20,29.8,302.95,1,,,,,,,,,,,,,,,,,,
398934,13,60,Hg,solid,20,30.2,303.35,1,,,,,,,,,,,,,,,,,,
398938,13,60,Hg,solid,22,31.8,304.95,1,,,,,,,,,,,,,,,,,,
398935,13,60,Hg,solid,22,30.7,303.85,1,,,,,,,,,,,,,,,,,,
398929,13,60,Hg,solid,20,29,302.15,1,,,,,,,,,,,,,,,,,,
398936,13,60,Hg,solid,22,31.5,304.65,1,,,,,,,,,,,,,,,,,,
398937,13,60,Hg + NaCl,solid,22,31.5,304.65,1,2.83258,0.0011615,3.2708,0.000928098,4.6205,0.000288622,5.66416,0.000896462,7.31229,0.000581582,8.01374,0.00152457,25.67682814139762,0.014630728,1.3734157252292571,0.047305654,,
398968,13.5,60,Hg + NaCl,liquid,39.5,52.8,325.95,1,2.8363,0.0128963,3.2697,0.0102296,4.6317,0.00395462,5.66845,0.00630554,7.32122,0.00484624,8.02114,0.00900885,25.60594400515411,0.086136098,1.470294579822717,0.47107230034045317,,
398969,14,60,Hg + NaCl,liquid,39.5,52.8,325.95,1,2.83744,0.00291333,3.26876,0.00277052,4.63162,0.00103601,5.67077,0.00182128,7.32111,0.0013914,8.02034,0.00210411,25.613594551053403,0.020126001,1.4765051116675136,0.11579455621339516,,
398970,14,60,Hg,liquid,39.5,52.8,325.95,1,,,,,,,,,,,,,,,,,,
398971,14.5,60,Hg,liquid,39.5,52.8,325.95,1,,,,,,,,,,,,,,,,,,
398972,15,60,Hg,liquid,39.5,52.6,325.75,1,,,,,,,,,,,,,,,,,,
398973,15,60,Hg + NaCl,liquid,39.5,52.6,325.75,1,2.83671,0.0010181,3.27442,0.000905402,4.62959,0.000213106,5.67485,0.00063917,7.32425,0.000569788,8.02353,0.00103866,25.583106161887383,0.009919092,1.516326504876976,0.042661343,,
398974,16,60,Hg + NaCl,liquid,39.5,52.6,325.75,1,2.83674,0.0010181,3.27267,0.000905402,4.63395,0.000213106,5.67591,0.00063917,7.32748,0.000569788,8.02816,0.00103866,25.53894111688922,0.009896239,1.541680569,0.042636744,,
398999,17,1200,Hg,liquid,51,71,344.15,1.4,,,,,,,,,,,,,,,,,,
398998,17,60,Hg + NaCl,liquid,51,70.5,343.65,1,2.83888,0.00389768,3.28105,0.00243551,4.64178,0.00160954,5.6845,0.00261947,7.33804,0.00179851,8.0386,0.00333399,25.439727982652784,0.031601259,1.6880670886033362,0.14391803411774906,,
398997,17,60,Hg + NaCl,liquid,47.5,65.3,338.45,1,2.83589,0.00428046,3.27962,0.00288127,4.64214,0.00140741,5.68284,0.00235029,7.33854,0.00179381,8.04081,0.00329179,25.418791982719775,0.031166991,1.6665432591971625,0.15452211068444288,,
398996,17,1200,Hg,liquid,47.5,65.2,338.35,1,,,,,,,,,,,,,,,,,,
398995,17,60,Hg + NaCl,liquid,47.5,65.2,338.35,1,2.84183,0.00139542,3.27806,0.00103666,4.64307,0.000531747,5.6838,0.000986865,7.33767,0.000655339,8.03859,0.00132899,25.439822767992045,0.012596908,1.6917992840705027,0.055948959,,
399000,17,60,Hg + NaCl,liquid,51,71.4,344.55,1,2.84058,0.00377009,3.27838,0.00262452,4.64295,0.00167689,5.68379,0.00258451,7.34055,0.00183081,8.04118,0.00338753,25.415289108590812,0.032067567,1.6972616774155185,0.143883181,,
398990,17,60,Hg,liquid,47.5,64.4,337.55,1,,,,,,,,,,,,,,,,,,
398989,17,60,Hg,liquid,47.5,64,337.15,1,,,,,,,,,,,,,,,,,,
398988,17,60,Hg,solid,46.5,62.7,335.85,1,,,,,,,,,,,,,,,,,,
398987,17,60,Hg,solid,46,61.5,334.65,1,,,,,,,,,,,,,,,,,,
398986,17,60,Hg,solid,46,61,334.15,1,,,,,,,,,,,,,,,,,,
398980,17,60,Hg + NaCl,solid,42,55.3,328.45,1,2.84199,0.00147688,3.27786,0.00099102,4.63849,0.000469842,5.67692,0.000855179,7.33468,0.000645061,8.03472,0.00104283,25.476540118901667,0.009903574,1.6425280104307065,0.055839925,,
398984,17,60,Hg,solid,44.5,59,332.15,1,,,,,,,,,,,,,,,,,,
398983,17,60,Hg,solid,44,57.8,330.95,1,,,,,,,,,,,,,,,,,,
398982,17,60,Hg,solid,43,56.6,329.75,1,,,,,,,,,,,,,,,,,,
398981,17,60,Hg,solid,42,55.3,328.45,1,,,,,,,,,,,,,,,,,,
398979,17,60,Hg,solid,41,54.3,327.45,1,,,,,,,,,,,,,,,,,,
398978,17,60,Hg,solid,40.5,53.5,326.65,1,,,,,,,,,,,,,,,,,,
398977,17,60,Hg + NaCl,solid,39.5,52.5,325.65,1,2.83842,0.00132681,3.27272,0.00103281,4.63749,0.000510047,5.6799,0.000794552,7.33224,0.000627538,8.0356,0.00111729,25.468184742479924,0.010606062,1.599207219359891,0.052307812253412196,,
398976,17,1200,Hg,solid,39.5,52.5,325.65,1,,,,,,,,,,,,,,,,,,
398975,17,60,Hg + NaCl,liquid,39.5,52.5,325.65,1,2.83642,0.00117658,3.276,0.000989505,4.6394,0.000440724,5.68004,0.000671455,7.3331,0.000565267,8.03409,0.00112305,25.48252405662799,0.010668754,1.6095727719136441,0.047932815,,
398985,17,60,Hg,solid,45,59.4,332.55,1,,,,,,,,,,,,,,,,,,
399001,18,60,Hg + NaCl,liquid,51,71.4,344.55,1,2.84087,0.0036339,3.27935,0.00270613,4.64377,0.0016243,5.68507,0.00245064,7.34173,0.0017308,8.04198,0.00319601,25.407717529376473,0.030242538,1.7142451216039856,0.14077709417564965,,
399002,19,60,Hg,liquid,51,71.4,344.55,1,,,,,,,,,,,,,,,,,,
399003,20,60,Hg,solid,51,71.2,344.35,1,,,,,,,,,,,,,,,,,,
399004,20,60,Hg + NaCl,solid,51,71.2,344.35,1,2.84649,0.00319428,3.28731,0.00320808,4.65302,0.00149501,5.6948,0.00244256,7.35262,0.00175594,8.05628,0.00272888,25.27288207387616,0.025639501,1.8990221435439767,0.140542775,,
399027,21,60,Hg,solid,66,97.85,371,1.2,,,,,,,,,,,,,,,,,,
399025,21,60,Hg,solid,66,94.85,368,1.8,,,,,,,,,,,,,,,,,,
399023,21,60,Hg,solid,62,90.8,363.95,1.2,,,,,,,,,,,,,,,,,,
399028,21,60,Hg,solid,66,99.7,372.85,1.2,,,,,,,,,,,,,,,,,,
399024,21,60,Hg,solid,63,92,365.15,1,,,,,,,,,,,,,,,,,,
399029,21,60,Hg,solid,66,100.15,373.3,1.1,,,,,,,,,,,,,,,,,,
399040,21,60,Hg + NaCl,liquid,72,112.6,385.75,1,2.85752,0.00301544,3.29679,0.00287102,4.66647,0.00116243,5.71278,0.00247738,7.3774,0.00170445,8.08175,0.00287331,25.0350804,0.02665793,2.224345165327064,0.13683460817562995,,
399031,21,60,Hg,solid,68,103.15,376.3,1.1,,,,,,,,,,,,,,,,,,
399032,21,60,Hg,liquid,69,105.25,378.4,1.2,,,,,,,,,,,,,,,,,,
399037,21,60,Hg + NaCl,liquid,69,106.45,379.6,1.1,2.85371,0.00315512,3.2957,0.00294176,4.66451,0.000619457,5.7131,0.00185367,7.37728,0.00176871,8.08253,0.00281317,25.027845127277377,0.026089895,2.1908179398471987,0.13591437882870983,,
399038,21,1200,Hg,liquid,69,106.65,379.8,1.1,,,,,,,,,,,,,,,,,,
399039,21,60,Hg + NaCl,liquid,69,106.7,379.85,1,2.85214,0.00390352,3.29746,0.00239365,4.6652,0.00111767,5.71293,0.00204265,7.37876,0.00183075,8.08459,0.00269858,25.00875001027439,0.025001677,2.200493007,0.14747484025080446,,
399022,21,60,Hg,solid,62,89.55,362.7,1.2,,,,,,,,,,,,,,,,,,
399030,21,60,Hg,solid,67,101.65,374.8,1.1,,,,,,,,,,,,,,,,,,
399021,21,60,Hg,solid,62,88.2,361.35,1.2,,,,,,,,,,,,,,,,,,
399026,21,60,Hg + NaCl,solid,66,96.25,369.4,1.4,2.85002,0.00306149,3.29386,0.00305168,4.66247,0.00158378,5.70712,0.00259613,7.37015,0.00194177,8.0772,0.0030955,25.077341840947337,0.028784099,2.1062907155155908,0.14068592575937708,,
399019,21,60,Hg,solid,62,86.05,359.2,1.5,,,,,,,,,,,,,,,,,,
399005,21,60,Hg + NaCl,solid,51,71.2,344.35,1,2.84979,0.00361121,3.28682,0.0022689,4.65581,0.00145613,5.69775,0.00229763,7.3578,0.00155827,8.06011,0.00312064,25.236931050195786,0.029264658,1.9538096526079807,0.13852624235068683,,
399006,21,60,Hg,solid,51,71.2,344.35,1,,,,,,,,,,,,,,,,,,
399009,21,60,Hg,solid,54,75,348.15,1,,,,,,,,,,,,,,,,,,
399010,21,60,Hg,solid,55,76,349.15,1,,,,,,,,,,,,,,,,,,
399011,21,60,Hg,solid,56,77.5,350.65,1,,,,,,,,,,,,,,,,,,
399012,21,60,Hg,solid,56,78.8,351.95,1,,,,,,,,,,,,,,,,,,
399008,21,60,Hg,solid,53,74,347.15,1,,,,,,,,,,,,,,,,,,
399014,21,60,Hg,solid,57,80.8,353.95,1,,,,,,,,,,,,,,,,,,
399015,21,60,Hg,solid,58,82.2,355.35,1,,,,,,,,,,,,,,,,,,
399020,21,60,Hg + NaCl,solid,62,87.5,360.65,1.2,2.85015,0.00303627,3.29353,0.00237267,4.65616,0.000619866,5.70542,0.00172756,7.36878,0.00163669,8.0719,0.00290416,25.12668962527366,0.027075854,2.0630804226920323,0.1226398400859695,,
399016,21,60,Hg + NaCl,solid,58,82.7,355.85,1,2.85049,0.00233409,3.29342,0.0021018,4.65585,0.000581295,5.70561,0.00167516,7.36792,0.00151114,8.07357,0.00291232,25.111126440073495,0.027129481,2.065481919784188,0.10286489687210523,,
399013,21,60,Hg + NaCl,solid,56,79.1,352.25,1,2.84893,0.00234333,3.29106,0.00238832,4.65557,0.000514348,5.70571,0.00160485,7.36844,0.00150596,8.07177,0.00289068,25.127901670858765,0.026951914,2.0409768212253194,0.10623750572658286,,
399017,21,60,Hg,solid,58,83,356.15,1,,,,,,,,,,,,,,,,,,
399018,21,60,Hg,solid,59,84.5,357.65,1,,,,,,,,,,,,,,,,,,
399041,23,60,Hg + NaCl,liquid,73,114,387.15,1,2.85732,0.00251755,3.30235,0.00253696,4.67396,0.00108822,5.71985,0.00217126,7.38677,0.00150037,8.09086,0.00261999,24.950749960091883,0.024198435,2.3433440160193744,0.11954410610993678,,
399042,25,60,Hg + NaCl,liquid,73,114,387.15,1,2.8619,0.00321348,3.30246,0.00238971,4.67771,0.00121683,5.72245,0.00228422,7.39219,0.00153858,8.10088,0.00277204,24.858433102948435,0.025476396,2.4288664387341807,0.13619202602258199,,
399071,27,60,Hg,solid,93,155.6,428.75,1,,,,,,,,,,,,,,,,,,
399072,27,60,Hg,solid,94,157.15,430.3,1,,,,,,,,,,,,,,,,,,
399073,27,60,Hg,solid,95,158.95,432.1,1.4,,,,,,,,,,,,,,,,,,
399074,27,60,Hg + NaCl,solid,95,159.6,432.75,1,2.87462,0.00281018,3.32286,0.00135573,4.69916,0.00101389,5.75598,0.00191239,7.43372,0.00218427,8.14048,0.00307246,24.498017780145943,0.027692171,3.005822867464809,0.12166576976670379,,
399075,27,60,Hg,solid,95,160.15,433.3,1,,,,,,,,,,,,,,,,,,
399076,27,60,Hg,solid,96,161.85,435,1,,,,,,,,,,,,,,,,,,
399077,27,60,Hg,solid,96,163.55,436.7,1.1,,,,,,,,,,,,,,,,,,
399078,27,60,Hg,solid,96,164.75,437.9,1,,,,,,,,,,,,,,,,,,
399091,27,1200,Hg,liquid,100,176.4,449.55,1.2,,,,,,,,,,,,,,,,,,
399080,27,60,Hg + NaCl,liquid,98,167.2,440.35,1,2.87792,0.0026298,3.32542,0.001432,4.70236,0.000989064,5.75883,0.00180634,7.43896,0.00213222,8.14394,0.0029847,24.46685918000149,0.026855519,3.086303969775453,0.1179907719781456,,
399085,27,60,Hg,liquid,98,170,443.15,1,,,,,,,,,,,,,,,,,,
399086,27,60,Hg + NaCl,liquid,98,170.4,443.55,1,2.87811,0.00207537,3.32407,0.00215404,4.70312,0.000671787,5.7602,0.00137746,7.43935,0.00166775,8.14648,0.00264493,24.444019193226257,0.023768707,3.0943762457836756,0.1091305817457876,,
399087,27,1200,Hg,liquid,98,170.65,443.8,1.3,,,,,,,,,,,,,,,,,,
399088,27,60,Hg + NaCl,liquid,98,170.9,444.05,1,2.87901,0.00200962,3.32337,0.00210616,4.70439,0.000645959,5.76085,0.00114658,7.44015,0.0016512,8.14869,0.00223083,24.42416976,0.02002566,3.1109607607009675,0.10458114133560932,,
399089,27,60,Hg + NaCl,liquid,100,174.9,448.05,1,2.88043,0.00205052,3.32446,0.00211405,4.70397,0.000646636,5.76168,0.00112973,7.44108,0.00156229,8.14505,0.00271542,24.45687442260987,0.0244193,3.121660370654359,0.10744119240464162,,
399090,27,60,Hg + NaCl,liquid,100,176.1,449.25,1,2.88002,0.00221914,3.32286,0.00188183,4.70429,0.000632842,5.76029,0.001077,7.44055,0.00160711,8.14934,0.00264864,24.418335784347136,0.023768665,3.1150651338373545,0.10707734667590323,,
399070,27,60,Hg,solid,93,155.2,428.35,1,,,,,,,,,,,,,,,,,,
399079,27,60,Hg,liquid,98,166.4,439.55,1,,,,,,,,,,,,,,,,,,
399069,27,60,Hg,solid,93,154.7,427.85,1,,,,,,,,,,,,,,,,,,
399068,27,60,Hg + NaCl,solid,93,154.2,427.35,1,,,,,,,,,,,,,,,,,,
399048,27,60,Hg + NaCl,solid,73,113.5,386.65,1,2.87222,0.00326926,3.31229,0.00215955,4.69063,0.0011067,5.73949,0.00267099,7.41474,0.00217875,8.12517,0.00271626,24.636527705523683,0.024666695,2.7600842074547107,0.14309153055154597,,
399043,27,60,Hg + NaCl,solid,73,114,387.15,1,2.86871,0.00243792,3.31159,0.00181773,4.68921,0.000846011,5.73769,0.00169502,7.41207,0.00140708,8.11912,0.0029102,24.69155039320665,0.026506715,2.702056363035585,0.10985216372088903,,
399067,27,60,Hg,solid,93,153.3,426.45,1,,,,,,,,,,,,,,,,,,
399049,27,240,Hg,solid,73,113.6,386.75,1,,,,,,,,,,,,,,,,,,
399050,27,60,Hg,solid,76,119.9,393.05,1,,,,,,,,,,,,,,,,,,
399051,27,60,Hg,solid,78,122.5,395.65,1,,,,,,,,,,,,,,,,,,
399053,27,60,Hg,solid,80,127.5,400.65,1,,,,,,,,,,,,,,,,,,
399054,27,60,Hg,solid,82,132,405.15,1,,,,,,,,,,,,,,,,,,
399055,27,60,hg,solid,82,138,411.15,1,,,,,,,,,,,,,,,,,,
399056,27,60,Hg,solid,89,140.7,413.85,1.1,,,,,,,,,,,,,,,,,,
399052,27,60,Hg + NaCl,solid,78,123,396.15,1,2.87284,0.00297007,3.31538,0.00148531,4.69081,0.000630752,5.74681,0.00202271,7.41926,0.00165663,8.12731,0.00257186,24.617104327426528,0.023330802,2.8216058731507987,0.12201047578639107,,
399058,27,60,Hg,solid,90,146.25,419.4,1.4,,,,,,,,,,,,,,,,,,
399059,27,60,Hg + NaCl,solid,90,147.65,420.8,1.1,2.87716,0.00311152,3.31822,0.00113557,4.69378,0.000865559,5.75215,0.00215624,7.42398,0.00210662,8.13243,0.0029635,24.570716335982667,0.026815981,2.918600999209468,0.12844570960746268,,
399060,27,60,Hg,solid,91,150.3,423.45,1,,,,,,,,,,,,,,,,,,
399057,27,60,Hg,solid,89,142.6,415.75,1,,,,,,,,,,,,,,,,,,
399061,27,60,Hg,solid,91,150.6,423.75,1,,,,,,,,,,,,,,,,,,
399063,27,60,Hg,solid,91,151,424.15,1,,,,,,,,,,,,,,,,,,
399064,27,60,Hg + NaCl,solid,92,151.5,424.65,1,2.87266,0.00282085,3.31984,0.0013278,4.69504,0.000994781,5.75202,0.00213815,7.42783,0.0021705,8.13475,0.00279261,24.549735194684963,0.025240837,2.9179539473102487,0.12060677556538826,,
399065,27,60,Hg,solid,92,152.1,425.25,1,,,,,,,,,,,,,,,,,,
399066,27,60,Hg,solid,92,152.55,425.7,1.2,,,,,,,,,,,,,,,,,,
399092,28,60,Hg + NaCl,liquid,105,183.1,456.25,1.9,2.87884,0.000988991,3.32633,0.00082,4.70608,0.000295019,5.76422,0.000491797,7.44478,0.000717527,8.15234,0.00109345,24.391433845897502,0.009798096,3.1658009939910117,0.050193219,,
399093,29,60,Hg + NaCl,liquid,106,185.8,458.95,1.4,2.88256,0.000865881,3.3296,0.000838852,4.70974,0.000267303,5.76938,0.000466533,7.45077,0.000677289,8.15809,0.00118619,24.339982291542757,0.01059919,3.2718341040794274,0.048411344,,
399094,30,60,Hg + NaCl,liquid,106,187.15,460.3,1.3,2.88256,0.00114582,3.3296,0.00111005,4.70974,0.000353721,5.76938,0.00061736,7.45077,0.000896253,8.15809,0.00156968,24.339982291542757,0.014025862,3.2718341040794274,0.061898671,,
399095,31,60,Hg + NaCl,liquid,106,188,461.15,1.2,2.88256,0.001086,3.3296,0.0010521,4.70974,0.000335254,5.76938,0.000585129,7.45077,0.000849462,8.15809,0.00148773,24.339982291542757,0.013293598,3.2718341040794274,0.058980816460844104,,
399113,32,60,Hg,solid,125,233.3,506.45,1.3,,,,,,,,,,,,,,,,,,
399114,32,60,Hg + NaCl,solid,125,234.2,507.35,1.3,2.90434,0.00232153,3.35246,0.00124371,4.74129,0.000459906,5.80719,0.00148965,7.50079,0.00171785,8.21443,0.00251885,23.84342797679545,0.021896265,4.113808111,0.11320903280721442,,
399115,32,60,Hg,liquid,125,234.9,508.05,1.1,,,,,,,,,,,,,,,,,,
399118,32,60,Hg,liquid,125,235.8,508.95,1,,,,,,,,,,,,,,,,,,
399126,32,60,Hg + NaCl,liquid,132,255.9,529.05,1,2.9079,0.00165313,3.35545,0.000556879,4.74674,0.000230493,5.8151,0.000947869,7.50768,0.000891253,8.22801,0.0012535,23.725766648336712,0.010824897,4.268854346745154,0.076209808,,
399119,32,1200,Hg,liquid,125,236.3,509.45,1,,,,,,,,,,,,,,,,,,
399112,32,60,Hg + NaCl,solid,125,232.5,505.65,1.4,2.90229,0.00239198,3.34932,0.00134752,4.74043,0.000493748,5.80624,0.00149844,7.49828,0.00181605,8.21415,0.0024537,23.84586217171835,0.021332825,4.063520743234083,0.115959407,,
399121,32,60,Hg + NaCl,liquid,130,244.1,517.25,1.5,2.88256,0.00106664,3.3296,0.00103335,4.70974,0.00032928,5.76938,0.000574703,7.45077,0.000834324,8.15809,0.00146122,24.339982291542757,0.013056718,3.2718341040794274,0.05804012,,
399122,32,60,Hg + NaCl,liquid,132,248,521.15,2,2.90714,0.0012468,3.35405,0.000575744,4.74443,0.000232653,5.81223,0.000891942,7.50788,0.000837454,8.22193,0.00121436,23.778349592181403,0.010517935,4.217525004421871,0.062702871,,
399123,32,60,Hg + NaCl,liquid,132,251.85,525,1.2,2.90319,0.00128085,3.35272,0.000549916,4.74452,0.000239293,5.81202,0.000887455,7.50694,0.00087215,8.22349,0.00126609,23.764843089102698,0.010957669,4.180655429937606,0.063087359,,
399124,32,60,Hg + NaCl,liquid,132,254.9,528.05,1,2.90561,0.001719,3.35516,0.000561388,4.74576,0.000237255,5.81312,0.0010077,7.50738,0.000837622,8.22461,0.00119715,23.75515242840477,0.010355372,4.228183885763611,0.077821661,,
399125,32,1200,Hg,liquid,132,255.9,529.05,1,,,,,,,,,,,,,,,,,,
399120,32,60,Hg + NaCl,liquid,125,236.8,509.95,1,2.88256,0.00105832,3.3296,0.00102528,4.70974,0.000326709,5.76938,0.000570216,7.45077,0.000827811,8.15809,0.00144981,24.339982291542757,0.012954764,3.2718341040794274,0.057636096766633726,,
399111,32,60,Hg,solid,125,231.4,504.55,1.5,,,,,,,,,,,,,,,,,,
399103,32,60,Hg + NaCl,solid,117,209,482.15,2,2.89909,0.0015834,3.34393,0.00116674,4.73255,0.000567301,5.79656,0.00112679,7.48606,0.00143679,8.19936,0.0024948,23.97491283502353,0.021847011,3.8639658141731053,0.086546486,,
399109,32,60,Hg + NaCl,solid,124,227.45,500.6,1.8,2.90238,0.00220145,3.34787,0.00141449,4.73778,0.000541373,5.80494,0.00144825,7.49566,0.00166253,8.20721,0.00228544,23.906301599381887,0.019937213,4.0131123403291165,0.10970808570596641,,
399110,32,60,Hg,solid,124,229.65,502.8,1.4,,,,,,,,,,,,,,,,,,
399096,32,60,Hg + NaCl,solid,106,188.2,461.35,1.1,2.88256,0.00106468,3.3296,0.00103145,4.70974,0.000328674,5.76938,0.000573645,7.45077,0.00083279,8.15809,0.00145853,24.339982291542757,0.013032682,3.2718341040794274,0.057944918,,
399097,32,60,Hg,solid,106,188.45,461.6,1.1,,,,,,,,,,,,,,,,,,
399099,32,60,Hg + NaCl,solid,108,192.9,466.05,1.1,2.89422,0.00179973,3.34188,0.00118014,4.72825,0.000579571,5.79161,0.00100796,7.47965,0.0013616,8.19038,0.0021121,24.05372335494907,0.018576914,3.7394247174902233,0.088744779,,
399100,32,60,Hg + NaCl,solid,111,196.25,469.4,1.6,2.89569,0.00174552,3.34191,0.00111771,4.72897,0.000567387,5.79242,0.000981018,7.47912,0.0013867,8.19119,0.00237942,24.046600432018753,0.020919846,3.756681634747235,0.08783604,,
399101,32,60,Hg + NaCl,solid,112,199.7,472.85,1,2.8954,0.00174325,3.34178,0.00118808,4.72907,0.000570888,5.79343,0.00105262,7.48068,0.00148996,8.1924,0.00235072,24.035965260583136,0.020655313,3.765186557,0.089195369,,
399098,32,60,Hg,solid,108,188.5,461.65,1,,,,,,,,,,,,,,,,,,
399104,32,60,Hg + NaCl,solid,119,212.7,485.85,1.7,2.89743,0.0018638,3.34517,0.00122335,4.73345,0.000559131,5.79716,0.00117538,7.48687,0.00159127,8.19839,0.00247489,23.983409152550948,0.021682912,3.8656041216758337,0.095181211,,
399105,32,60,Hg + NaCl,solid,122,217.65,490.8,1.7,2.89758,0.00228963,3.34503,0.00109162,4.73332,0.000563284,5.79831,0.00125214,7.48717,0.00149574,8.20109,0.00254404,23.95976958,0.022259422,3.877064462588807,0.10628121903063881,,
399106,32,60,Hg + NaCl,solid,122,221.8,494.95,1.5,2.89913,0.00223045,3.34615,0.00158306,4.7349,0.00059356,5.79899,0.00130765,7.48976,0.00173697,8.20128,0.00251399,23.958107226824612,0.021994458,3.912422759,0.11232929731399384,,
399107,32,60,Hg,solid,122,223.5,496.65,1.4,,,,,,,,,,,,,,,,,,
399108,32,60,Hg + NaCl,solid,122,225.2,498.35,1.6,2.90199,0.00202173,3.34657,0.00156363,4.73647,0.000561594,5.8018,0.00139518,7.49282,0.00162233,8.20454,0.00263775,23.92960870789267,0.023040572,3.969965772,0.1075552087168847,,
399102,32,60,Hg + NaCl,solid,112,204.6,477.75,1,2.89951,0.00161515,3.34405,0.00128633,4.73209,0.000561451,5.79649,0.00114927,7.48539,0.00141239,8.20003,0.00262118,23.96904659077614,0.022946225,3.8653105973329196,0.089797231,,
399127,33,60,Hg + NaCl,liquid,132,256,529.15,1,2.90804,0.00165473,3.35804,0.000499646,4.75096,0.000233923,5.81743,0.000990317,7.51384,0.00085352,8.23484,0.0010876,23.66688230399211,0.009361121,4.350759423,0.075654221,,
399128,34,60,Hg + NaCl,liquid,132,256,529.15,1,2.90833,0.00132164,3.36209,0.000475953,4.75708,0.000234405,5.82558,0.00103819,7.52382,0.000815605,8.24536,0.00126541,23.576565995546066,0.010836101,4.496329978331292,0.065963037,,
399152,35,60,Hg + NaCl,liquid,160,316.2,589.35,1,2.93206,0.00256271,3.38786,0.0007102,4.78883,0.000604408,5.86872,0.00171405,7.57515,0.00143474,8.29829,0.0025445,23.12906499944029,0.021238952,5.494740519102812,0.13071588476926882,,
399149,35,60,Hg + NaCl,liquid,150,300,573.15,1,2.92921,0.00173861,3.3828,0.00121402,4.78457,0.000335988,5.85927,0.00111738,7.5673,0.000977703,8.29133,0.00164261,23.187257694238625,0.013756948,5.329632845695337,0.097661875,,
399150,35,60,Hg + NaCl,liquid,155,311.05,584.2,1.8,2.93485,0.00264038,3.38247,0.0009292,4.78549,0.000361258,5.86391,0.0011332,7.56805,0.00119627,8.29169,0.00199304,23.184242936417203,0.01668892,5.400973118970886,0.1297975608685429,,
399151,35,60,Hg + NaCl,liquid,155,316.3,589.45,1,2.92702,0.00305849,3.38571,0.000735319,4.78744,0.000478526,5.86495,0.00129168,7.5716,0.00108741,8.29656,0.0018988,23.14351133704936,0.01586251,5.399026601,0.1413464918749162,,
399153,35,60,Hg,liquid,163,316.2,589.35,1,,,,,,,,,,,,,,,,,,
399163,35,60,Hg + NaCl,liquid,175,337.75,610.9,2,,,,,4.79526,0.00124475,,,7.58271,0.0010049,8.29996,0.0118249,23.115131108711545,0.09862311,5.588519241316005,0.5198662122481049,,
399159,35,60,Hg + NaCl,liquid,163,320.55,593.7,1.1,,,,,4.79373,0.000998067,,,7.57461,0.00106893,8.29762,0.00543312,23.13465839502739,0.045364918,5.507107009256392,0.253930633,,
399160,35,1200,Hg,liquid,163,320.75,593.9,1.7,,,,,,,,,,,,,,,,,,
399161,35,60,Hg + NaCl,liquid,163,311.2,584.35,1.1,,,,,4.80159,0.00620688,,,7.58245,0.00757391,8.31417,0.006305,22.99702004962685,0.052227111,5.736189856253098,0.6582311579499018,,
399162,35,60,Hg + NaCl,liquid,170,321,594.15,2.3,,,,,4.80059,0.00088811,,,7.5818,0.00118547,8.30268,0.00720447,23.092460370625695,0.060008711,5.6536874876154775,0.3260854369261829,,
399154,35,60,Hg + NaCl,liquid,163,320.2,593.35,1.3,,,3.38736,0.000916861,4.80384,0.000317975,5.87178,0.00556363,7.57214,0.000906132,8.30224,0.00419673,23.096125682654463,0.034963533,5.605250867615983,0.1887400476227466,,
399147,35,60,Hg + NaCl,liquid,150,302.1,575.25,1,2.92549,0.00136893,3.37714,0.00134002,4.78031,0.000341234,5.85421,0.00092595,7.56103,0.00102675,8.28183,0.00187213,23.26700330095262,0.015751224,5.170955009755617,0.087711873,,
399148,35,1200,Hg,liquid,150,302.2,575.35,1,,,,,,,,,,,,,,,,,,
399140,35,60,Hg + NaCl,solid,150,299.05,572.2,1.5,2.92486,0.00229612,3.37838,0.000627917,4.77759,0.000593147,5.85323,0.00136226,7.55464,0.001017,8.28114,0.00170211,23.272809604642283,0.014325527,5.135261148,0.11049226265812394,,
399129,35,60,Hg + NaCl,solid,132,255.7,528.85,1,2.91222,0.00185702,3.36321,0.000563374,4.76193,0.000270318,5.83216,0.00134123,7.53107,0.000951522,8.25081,0.00162008,23.529957546737073,0.013836647,4.617745570060673,0.088443015,,
399130,35,60,Hg,solid,132,255.2,528.35,1,,,,,,,,,,,,,,,,,,
399131,35,60,Hg,solid,135,259.55,532.7,1.3,,,,,,,,,,,,,,,,,,
399133,35,60,Hg,solid,138,263.2,536.35,1.2,,,,,,,,,,,,,,,,,,
399134,35,60,Hg + NaCl,solid,138,263.2,536.35,1.2,2.91838,0.00213598,3.36818,0.000708829,4.76591,0.000310443,5.83732,0.0013772,7.53864,0.000980248,8.26231,0.00155266,23.43201232680078,0.013187189,4.7920668612502135,0.10129926945446244,,
399132,35,60,Hg,solid,138,259.6,532.75,1.5,,,,,,,,,,,,,,,,,,
399136,35,60,Hg,solid,145,281.4,554.55,1.7,,,,,,,,,,,,,,,,,,
399137,35,60,Hg + NaCl,solid,145,283.35,556.5,1.9,2.91679,0.00315772,3.3738,0.000773407,4.76965,0.000401746,5.8414,0.00168582,7.54252,0.000933232,8.26637,0.00178263,23.39756342422636,0.01511068,4.874966154772312,0.14052505332568963,,
399138,35,60,Hg + NaCl,solid,148,294.05,567.2,1.4,2.93292,0.00305166,3.37684,0.000763957,4.7741,0.000508604,5.85018,0.00128402,7.54932,0.000948234,8.27611,0.00156374,23.315195225419416,0.01319297,5.130324065098575,0.1422260174381472,,
399139,35,60,Hg,solid,148,294.95,568.1,1.5,,,,,,,,,,,,,,,,,,
399135,35,60,Hg,solid,142,268.9,542.05,1.4,,,,,,,,,,,,,,,,,,
399141,35,60,Hg,liquid,150,300.7,573.85,1,,,,,,,,,,,,,,,,,,
399164,36,60,Hg + NaCl,liquid,175,341.55,614.7,2.3,,,,,4.79339,0.00115949,,,7.58693,0.00136409,,,23.01266278958512,0.012394524,5.654391007346095,0.21392682972506413,,
399165,37,60,Hg + NaCl,liquid,175,346,619.15,1,,,,,4.80782,0.000667256,,,7.59454,0.00115072,,,22.943654519252178,0.010413951,5.954445472,0.16057415073767847,,
399173,38,1200,Hg,liquid,178,353.15,626.3,1.3,,,,,,,,,,,,,,,,,,
399174,38,60,Hg + NaCl,liquid,178,354.45,627.6,1.6,,,,,,,,,,,,,,,,,,
399171,38,60,Hg + NaCl,liquid,178,353.05,626.2,1.1,,,3.3999,0.00170417,4.82735,0.00042973,,,7.62373,0.00261152,8.35588,0.00255109,22.65495394869968,0.020713206,6.431584228754559,0.17411763800828234,,
399166,38,60,Hg + NaCl,liquid,178,348.55,621.7,2,,,,,4.81756,0.000491306,,,7.61697,0.00110822,,,22.741857015740408,0.009911757,6.3361187761044615,0.14945989219789457,,
399172,38,60,Hg,liquid,178,353.1,626.25,1,,,,,,,,,,,,,,,,,,
399175,40,60,Hg + NaCl,liquid,182,364.25,637.4,1.3,,,3.41561,0.00187725,4.84629,0.000389251,,,7.65036,0.00266267,,,22.445820023001605,0.02340164,7.052255717,0.26750761258811706,,
399176,41,60,Hg + NaCl,solid,184,366.85,640,1.4,,,3.42422,0.00218204,4.85305,0.00042253,,,7.66506,0.00342595,,,22.317119574904257,0.029879716,7.375252336322218,0.3263697007563556,,
399177,41,60,Hg + NaCl,liquid,188,371.35,644.5,2,,,3.40904,0.000135419,4.82662,0.000345243,,,7.63343,0.000841547,,,22.595274934774075,0.007461987,6.607452559799524,0.078202963,,
399178,41,60,Hg,liquid,188,376,649.15,1,,,,,,,,,,,,,,,,,,
399183,41,60,Hg + NaCl,liquid,188,378.4,651.55,1,,,3.42593,0.000269095,4.85062,0.000434318,,,7.67156,0.00141857,,,22.260525245719226,0.012330317,7.422309666434883,0.11034596636088183,,
399184,41,1200,Hg,liquid,188,378.05,651.2,1.4,,,,,,,,,,,,,,,,,,
399185,41,120,Hg,liquid,188,377.1,650.25,1.1,,,,,,,,,,,,,,,,,,
399186,41,1200,Hg,liquid,188,376.4,649.55,1.5,,,,,,,,,,,,,,,,,,
399187,41,60,Hg + NaCl,liquid,188,375.9,649.05,1,2.96674,0.000366562,3.43212,0.000136392,4.84862,0.000399211,5.94154,0.000837128,7.67214,0.00359954,8.40925,0.00186264,22.227098638690144,0.014743314,7.476662768906739,0.087811191,,
399188,41,60,Hg + NaCl,liquid,195,366.75,639.9,2.8,2.96956,0.000803086,3.43242,0.000317344,4.85346,0.000348881,5.94628,0.00114929,7.68688,0.00416117,8.42409,0.0020822,22.11004908743191,0.016365417,7.6624158096618045,0.10818011388967858,,
399190,42,60,Hg + NaCl,liquid,205,385.5,658.65,1,2.97658,0.00506544,3.43955,0.00059864,4.86678,0.00170999,5.95929,0.00314012,7.69991,0.00505756,8.44,0.00492909,21.985472292363376,0.038449885,8.038026822156645,0.3088648673770284,,
399189,42,60,Hg + NaCl,liquid,205,375,648.15,6,2.97954,0.00119315,3.44122,0.000351311,4.86275,0.000543462,5.95663,0.00115675,7.69566,0.00237983,8.43723,0.00185088,22.00709415,0.014456945,8.018110199372478,0.097899884,,
399191,42,60,Hg + NaCl,liquid,205,373.5,646.65,1,2.98428,0.00189797,3.44916,0.000157273,4.8722,0.000567488,5.97134,0.00125083,7.71164,0.00560924,8.45335,0.00270137,21.881662640008244,0.020939581,8.383360826912329,0.16674248421681037,,